name,description,type,surface,address,city,state_province,country,postal_code,latitude,longitude,number_of_courts,amenities,hours_of_operation,is_free,price_per_hour,peak_hour_price,requires_booking,booking_url,phone_number,email,website,cover_image,status,is_featured,is_active,rating,total_reviews,total_bookings,view_count
SM Aura Pickleball Court,Premium indoor pickleball facility in the heart of Manila,indoor,sport_court,32nd St & 9th Ave,Taguig,NCR,Philippines,1632,14.5569,121.0322,8,"{""lights"",""equipment""}","{""mon"":{""open"":""06:00"",""close"":""22:00""}}",false,650,800,true,https://booking.smaura-pickleball.com,+63 2 7700 5678,info@smaura-pickleball.ph,https://smaura-pickleball.ph,https://images.unsplash.com/photo-1618519894366-01cd8c2a66fe?w=800,approved,true,true,4.8,127,324,2156
BGC Outdoor Courts,Scenic outdoor pickleball at Bonifacio Global City,outdoor,concrete,23rd Ave corner 42nd St,Taguig,NCR,Philippines,1634,14.5571,121.0420,6,"{""lights""}","{""mon"":{""open"":""05:00"",""close"":""21:00""}}",true,0,,false,,,info@bgcoutdoorcourts.ph,https://bgcoutdoorcourts.ph,https://images.unsplash.com/photo-1565191566194-a0b83cb3a9b8?w=800,approved,false,true,4.5,89,156,1232
Makati Mixed Courts,Indoor and outdoor hybrid facility,both,sport_court,Legaspi Village,Makati,NCR,Philippines,1200,14.5547,121.0244,10,"{""lights"",""equipment""}","{""mon"":{""open"":""06:30"",""close"":""21:00""}}",false,550,700,true,https://makati-courts.ph/book,+63 2 8765 4321,contact@makati-courts.ph,https://makati-courts.ph,https://images.unsplash.com/photo-1566073771259-6a8506099945?w=800,approved,true,true,4.7,203,512,3421
Quezon City Community Center,Public pickleball venue,outdoor,asphalt,Roosevelt Ave,Quezon City,NCR,Philippines,1100,14.6319,121.0175,4,"{""lights""}","{""mon"":{""open"":""05:30"",""close"":""20:00""}}",true,0,,false,,+63 2 9123 4567,parks@qcgov.ph,https://qccommunityparks.gov.ph,https://images.unsplash.com/photo-1599644983219-2ee2a3b05c8a?w=800,approved,false,true,4.2,56,98,845
Cebu Sports Complex,Premier pickleball destination in Visayas,indoor,sport_court,N. Bacalso Ave,Cebu City,Cebu,Philippines,6000,10.3157,123.8854,12,"{""lights"",""equipment""}","{""mon"":{""open"":""06:00"",""close"":""23:00""}}",false,750,950,true,https://cebu-sports.ph/reserve,+63 32 253 1234,reservations@cebu-sports.ph,https://cebu-sports.ph,https://images.unsplash.com/photo-1571902943202-507ec2618e8f?w=800,pending,false,true,0,0,0,0
Davao Pickleball Hub,Growing pickleball community center,both,concrete,JP Laurel Ave,Davao City,Davao,Philippines,8000,7.0731,125.6112,6,"{""lights""}","{""mon"":{""open"":""06:00"",""close"":""21:00""}}",false,450,600,true,https://davao-pickleball.ph/booking,+63 82 123 4567,info@davao-pickleball.ph,https://davao-pickleball.ph,https://images.unsplash.com/photo-1461896836934-ffe607ba8211?w=800,approved,false,true,4.6,72,145,923
Subic Bay Resort Courts,Luxury pickleball experience,both,sport_court,Waterfront Road,Subic Bay,Zambales,Philippines,2200,14.8031,120.2589,8,"{""lights"",""equipment""}","{""mon"":{""open"":""07:00"",""close"":""21:00""}}",false,850,1100,true,https://subic-resort.com/courts,+63 47 232 0200,sports@subic-resort.com,https://subic-resort.com,https://images.unsplash.com/photo-1518611505868-48510c2e022f?w=800,approved,true,true,4.9,164,289,1876
Iloilo City Pickleball Arena,Emerging venue in Western Visayas,indoor,concrete,Diversion Road,Iloilo City,Iloilo,Philippines,5000,10.6899,122.5673,5,"{""lights""}","{""mon"":{""open"":""06:00"",""close"":""20:00""}}",false,400,500,true,https://iloilo-pickleball.com/book,+63 33 335 0123,contact@iloilo-pickleball.com,https://iloilo-pickleball.com,https://images.unsplash.com/photo-1517344834519-4acca00f0bce?w=800,pending,false,false,0,0,0,0
