id,owner_id,name,description,type,surface,address,city,state_province,country,postal_code,latitude,longitude,number_of_courts,amenities,hours_of_operation,is_free,price_per_hour,peak_hour_price,pricing_details,requires_booking,booking_url,phone_number,email,website,cover_image,images,status,rejection_reason,approved_by,approved_at,is_featured,is_active,rating,total_reviews,total_bookings,view_count
1,550e8400-e29b-41d4-a716-446655440000,SM Aura Pickleball Court,Premium indoor pickleball facility in the heart of Manila,indoor,sport_court,32nd St & 9th Ave,Taguig,NCR,Philippines,1632,14.5569,121.0322,8,"[""lights"",""equipment""]","{""mon"":{""open"":""06:00"",""close"":""22:00""},""tue"":{""open"":""06:00"",""close"":""22:00""},""wed"":{""open"":""06:00"",""close"":""22:00""},""thu"":{""open"":""06:00"",""close"":""22:00""},""fri"":{""open"":""06:00"",""close"":""23:00""},""sat"":{""open"":""07:00"",""close"":""23:00""},""sun"":{""open"":""07:00"",""close"":""21:00""}}",false,650,800,,true,https://booking.smaura-pickleball.com,+63 2 7700 5678
2,550e8400-e29b-41d4-a716-446655440002,BGC Outdoor Courts,Scenic outdoor pickleball at Bonifacio Global City,outdoor,concrete,23rd Ave corner 42nd St,Taguig,NCR,Philippines,1634,14.5571,121.0420,6,"[""lights""]","{""mon"":{""open"":""05:00"",""close"":""21:00""},""tue"":{""open"":""05:00"",""close"":""21:00""},""wed"":{""open"":""05:00"",""close"":""21:00""},""thu"":{""open"":""05:00"",""close"":""21:00""},""fri"":{""open"":""05:00"",""close"":""22:00""},""sat"":{""open"":""06:00"",""close"":""22:00""},""sun"":{""open"":""06:00"",""close"":""20:00""}}",true,0,,Community Courts - Free to Play,false,,,
3,550e8400-e29b-41d4-a716-446655440003,Makati Mixed Courts,Indoor and outdoor hybrid facility,both,sport_court,Legaspi Village,Makati,NCR,Philippines,1200,14.5547,121.0244,10,"[""lights"",""equipment""]","{""mon"":{""open"":""06:30"",""close"":""21:00""},""tue"":{""open"":""06:30"",""close"":""21:00""},""wed"":{""open"":""06:30"",""close"":""21:00""},""thu"":{""open"":""06:30"",""close"":""21:00""},""fri"":{""open"":""06:00"",""close"":""22:00""},""sat"":{""open"":""07:00"",""close"":""22:00""},""sun"":{""open"":""08:00"",""close"":""20:00""}}",false,550,700,,true,https://makati-courts.ph/book,+63 2 8765 4321
4,550e8400-e29b-41d4-a716-446655440004,Quezon City Community Center,Public pickleball venue,outdoor,asphalt,Roosevelt Ave,Quezon City,NCR,Philippines,1100,14.6319,121.0175,4,"[""lights""]","{""mon"":{""open"":""05:30"",""close"":""20:00""},""tue"":{""open"":""05:30"",""close"":""20:00""},""wed"":{""open"":""05:30"",""close"":""20:00""},""thu"":{""open"":""05:30"",""close"":""20:00""},""fri"":{""open"":""05:30"",""close"":""21:00""},""sat"":{""open"":""06:00"",""close"":""21:00""},""sun"":{""open"":""07:00"",""close"":""19:00""}}",true,0,,Free Public Courts,false,,+63 2 9123 4567,parks@qcgov.ph
5,550e8400-e29b-41d4-a716-446655440005,Cebu Sports Complex,Premier pickleball destination in Visayas,indoor,sport_court,N. Bacalso Ave,Cebu City,Cebu,Philippines,6000,10.3157,123.8854,12,"[""lights"",""equipment""]","{""mon"":{""open"":""06:00"",""close"":""23:00""},""tue"":{""open"":""06:00"",""close"":""23:00""},""wed"":{""open"":""06:00"",""close"":""23:00""},""thu"":{""open"":""06:00"",""close"":""23:00""},""fri"":{""open"":""06:00"",""close"":""00:00""},""sat"":{""open"":""07:00"",""close"":""00:00""},""sun"":{""open"":""07:00"",""close"":""22:00""}}",false,750,950,Premium Facility with Tournament Support,true,https://cebu-sports.ph/reserve,+63 32 253 1234
6,550e8400-e29b-41d4-a716-446655440006,Davao Pickleball Hub,Growing pickleball community center,both,concrete,JP Laurel Ave,Davao City,Davao,Philippines,8000,7.0731,125.6112,6,"[""lights""]","{""mon"":{""open"":""06:00"",""close"":""21:00""},""tue"":{""open"":""06:00"",""close"":""21:00""},""wed"":{""open"":""06:00"",""close"":""21:00""},""thu"":{""open"":""06:00"",""close"":""21:00""},""fri"":{""open"":""06:00"",""close"":""22:00""},""sat"":{""open"":""07:00"",""close"":""22:00""},""sun"":{""open"":""08:00"",""close"":""20:00""}}",false,450,600,Affordable rates with community focus,true,https://davao-pickleball.ph/booking,+63 82 123 4567,info@davao-pickleball.ph
7,550e8400-e29b-41d4-a716-446655440007,Subic Bay Resort Courts,Luxury pickleball experience,both,sport_court,Waterfront Road,Subic Bay,Zambales,Philippines,2200,14.8031,120.2589,8,"[""lights"",""equipment""]","{""mon"":{""open"":""07:00"",""close"":""21:00""},""tue"":{""open"":""07:00"",""close"":""21:00""},""wed"":{""open"":""07:00"",""close"":""21:00""},""thu"":{""open"":""07:00"",""close"":""21:00""},""fri"":{""open"":""07:00"",""close"":""22:00""},""sat"":{""open"":""06:00"",""close"":""22:00""},""sun"":{""open"":""07:00"",""close"":""21:00""}}",false,850,1100,Resort exclusive with tournament packages,true,https://subic-resort.com/courts,+63 47 232 0200
8,550e8400-e29b-41d4-a716-446655440008,Iloilo City Pickleball Arena,Emerging venue in Western Visayas,indoor,concrete,Diversion Road,Iloilo City,Iloilo,Philippines,5000,10.6899,122.5673,5,"[""lights""]","{""mon"":{""open"":""06:00"",""close"":""20:00""},""tue"":{""open"":""06:00"",""close"":""20:00""},""wed"":{""open"":""06:00"",""close"":""20:00""},""thu"":{""open"":""06:00"",""close"":""20:00""},""fri"":{""open"":""06:00"",""close"":""21:00""},""sat"":{""open"":""07:00"",""close"":""21:00""},""sun"":{""open"":""08:00"",""close"":""19:00""}}",false,400,500,Budget-friendly option,true,https://iloilo-pickleball.com/book,+63 33 335 0123,contact@iloilo-pickleball.com
